Наименование;Цена
Процессор Intel Core i3-4170T Haswell (2013), 2C/4T, 3200MHz 3Mb TDP-35W Socket1150 tray (OEM) (CM8064601483551SR1TC);11600
Процессор Intel Core i5-4460 Haswell (2013), 4C/4T, 3200MHz 6Mb TDP-84W Socket1150 tray (OEM) (CM8064601560722SR1QK);18300
Процессор Intel Core i7-4790 Haswell (2013), 4C/8T, 3600MHz 8Mb TDP-84W Socket1150 tray (OEM) (CM8064601560113SR1QF);30400
Процессор Intel Pentium-G3260 Haswell (2013), 2C/2T, 3300MHz 3Mb TDP-53W Socket1150 tray (OEM);6500
Процессор Intel Celeron-G3900 Skylake-S, 2C/2T, 2800MHz 2Mb TDP-51W Socket1151 tray (OEM) (CM8066201928610SR2HV);4550
Процессор Intel Celeron-G4900 Coffee Lake, 2C/2T, 3100MHz 2Mb TDP-54W Socket1151 tray (OEM) (Совместимы только с 3хх чипсетами!) (CM8068403378112SR3W4);6450
Процессор Intel Celeron-G4930 Coffee Lake, 2C/2T, 3200MHz 2Mb TDP-54W Socket1151 v2 BOX (Совместимы только с 3хх чипсетами!) (BX80684G4930SR3YN);7800
Процессор Intel Core i3-6100 Skylake (2015), 2C/4T, 3700MHz 3Mb TDP-51W Socket1151 tray (OEM) (CM8066201927202SR2HG);12500
Процессор Intel Core i3-7100 Kaby Lake-S, 2C/4T, 3900MHz 3Mb TDP-51W Socket1151 BOX (BX80677I37100SR35C);11600
Процессор Intel Core i3-7100 Kaby Lake-S, 2C/4T, 3900MHz 3Mb TDP-51W Socket1151 tray (OEM) (CM8067703014612SR35C);8900
Процессор Intel Core i3-7300 Kaby Lake-S, 2C/4T, 4000MHz 4Mb TDP-51W Socket1151 tray (OEM) (CM8067703014426SR359);9750
Процессор Intel Core i3-8100 Coffee Lake-S, 4C/4T, 3600MHz 6Mb TDP-65W Socket1151 tray (OEM) (Совместимы только с 3хх чипсетами!) (CM8068403377308SR3N5);11900
Процессор Intel Core i3-9100 Coffee Lake, 4C/4T, 3600MHz 6Mb TDP-65W Socket1151 v2 BOX (Совместимы только с 3хх чипсетами!) (BX80684I39100);12490
Процессор Intel Core i3-9100 Coffee Lake R, 4C/4T, 3600MHz 6Mb TDP-65W Socket1151 v2 tray (OEM) (Совместимы только с 3хх чипсетами!) (CM8068403377319SRCZV);13000
Процессор Intel Core i3-9100F Coffee Lake R, 4C/4T, 3600MHz 6Mb TDP-65W Socket1151 v2 BOX (Совместимы только с 3хх чипсетами!) (BX80684I39100F S RF7W);10000
Процессор Intel Core i3-9100F Coffee Lake R, 4C/4T, 3600MHz 6Mb TDP-65W Socket1151 v2 tray (OEM) (Совместимы только с 3хх чипсетами!) (CM8068403377321);9500
Процессор Intel Core i3-9100T Coffee Lake R, 4C/4T, 3100MHz 6Mb TDP-35W Socket1151 v2 tray (OEM) (CM8068403377425);11600
Процессор Intel Core i3-9300 Coffee Lake R, 4C/4T, 3700MHz 8Mb TDP-62W Socket1151 v2 BOX (BX80684I39300);15600
Процессор Intel Core i3-9300 Coffee Lake R, 4C/4T, 3700MHz 8Mb TDP-62W Socket1151 v2 tray (OEM) (Совместимы только с 3хх чипсетами!) (CM8068403377117SRCZU);14700
Процессор Intel Core i3-9350KF Coffee Lake R, 4C/4T, 4000MHz 8Mb TDP-91W Socket1151 v2 BOX (без кулера) (Совместимы только с 3хх чипсетами!) (BX80684I39350KFSRF7V);16000
Процессор Intel Core i5-7400 Kaby Lake-S, 4C/4T, 3000MHz 6Mb TDP-65W Socket1151 tray (OEM) (CM8067702867050SR32W);17900
Процессор Intel Core i5-7500 Kaby Lake-S, 4C/4T, 3400MHz 6Mb TDP-65W Socket1151 tray (OEM) (CM8067702868012SR335);19200
Процессор Intel Core i5-7600 Kaby Lake-S, 4C/4T, 3500MHz 6Mb TDP-65W Socket1151 tray (OEM) (CM8067702868011SR334);17000
Процессор Intel Core i5-8400 Coffee Lake-S, 6C/6T, 2800MHz 9Mb TDP-65W Socket1151 BOX (Совместимы только с 3хх чипсетами!);18300
Процессор Intel Core i5-8400 Coffee Lake-S, 6C/6T, 2800MHz 9Mb TDP-65W Socket1151 tray (OEM) (Совместимы только с 3хх чипсетами!) (CM8068403358811SR3QT);17300
Процессор Intel Core i5-8500 Coffee Lake, 6C/6T, 3000MHz 9Mb TDP-65W Socket1151 tray (OEM) (Совместимы только с 3хх чипсетами!) (CM8068403362607SR3XE);17200
Процессор Intel Core i5-8600 Coffee Lake, 6C/6T, 3100MHz 9Mb TDP-65W Socket1151 BOX (Совместимы только с 3хх чипсетами!) (BX80684I58600SR3X0);17800
Процессор Intel Core i5-8600 Coffee Lake, 6C/6T, 3100MHz 9Mb TDP-65W Socket1151 tray (OEM) (Совместимы только с 3хх чипсетами!) (CM8068403358607SR3X0);17000
Процессор Intel Core i5-8600K Coffee Lake, 6C/6T, 3600MHz 9Mb TDP-95W Socket1151 tray (OEM) (Совместимы только с 3хх чипсетами!) (CM8068403358508SR3QU);21500
Процессор Intel Core i5-8600K Coffee Lake S, 6C/6T, 3600MHz 9Mb TDP-95W Socket1151 BOX (без кулера) (Совместимы только с 3хх чипсетами!) (CM8068403358508S);24000
Процессор Intel Core i5-9400 Coffee Lake R, 6C/6T, 2900MHz 9Mb TDP-65W Socket1151 v2 BOX (Совместимы только с 3хх чипсетами!) (BX80684I59400);16800
Процессор Intel Core i5-9400 Coffee Lake R, 6C/6T, 2900MHz 9Mb TDP-65W Socket1151 v2 tray (OEM) (Совместимы только с 3хх чипсетами!) (CM8068403875504SRELV);16600
Процессор Intel Core i5-9400F Coffee Lake R, 6C/6T, 2900MHz 9Mb TDP-65W Socket1151 v2 BOX (Совместимы только с 3хх чипсетами!) (BX80684I59400F S RF6M);11800
Процессор Intel Core i5-9400F Coffee Lake R, 6C/6T, 2900MHz 9Mb TDP-65W Socket1151 v2 tray (OEM) (Совместимы только с 3хх чипсетами!) (CM8068403358819SRF6M);11890
Процессор Intel Core i5-9500 Coffee Lake R, 6C/6T, 3000MHz 9Mb TDP-65W Socket1151 v2 BOX (Совместимы только с 3хх чипсетами!) (BX80684I59500SRF4B);20500
Процессор Intel Core i5-9500 Coffee Lake R, 6C/6T, 3000MHz 9Mb TDP-65W Socket1151 v2 tray (OEM) (Совместимы только с 3хх чипсетами!) (CM8068403362610);17100
Процессор Intel Core i5-9500F Coffee Lake R, 6C/6T, 3000MHz 9Mb TDP-65W Socket1151 v2 BOX (Совместимы только с 3хх чипсетами!) (BX80684I59500F S RF6Q);17300
Процессор Intel Core i5-9500F Coffee Lake R, 6C/6T, 3000MHz 9Mb TDP-65W Socket1151 v2 tray (OEM) (Совместимы только с 3хх чипсетами!) (CM8068403362616SRF6Q);14200
Процессор Intel Core i5-9600 Coffee Lake R, 6C/6T, 3100MHz 9Mb TDP-65W Socket1151 v2 BOX (Совместимы только с 3хх чипсетами!) (BX80684I59600SRF4H);22200
Процессор Intel Core i5-9600K Coffee Lake R, 6C/6T, 3700MHz 9Mb TDP-95W Socket1151 v2 BOX (без кулера) (Совместимы только с 3хх чипсетами!) (BX80684I59600KSRELU);19400
Процессор Intel Core i5-9600K Coffee Lake R, 6C/6T, 3700MHz 9Mb TDP-95W Socket1151 v2 tray (OEM) (Совместимы только с 3хх чипсетами!) (CM8068403874404SRELU);18600
Процессор Intel Core i5-9600KF Coffee Lake R, 6C/6T, 3700MHz 9Mb TDP-95W Socket1151 v2 BOX (без кулера) (Совместимы только с 3хх чипсетами!) (BX80684I59600KFS);16800
Процессор Intel Core i5-9600KF Coffee Lake R, 6C/6T, 3700MHz 9Mb TDP-95W Socket1151 v2 tray (OEM) (Совместимы только с 3хх чипсетами!) (CM8068403874409);16900
Процессор Intel Core i7-6700 Skylake (2015), 4C/8T, 3400MHz 8Mb TDP-65W Socket1151 tray (OEM);33100
Процессор Intel Core i7-7700K Kaby Lake-S, 4C/8T, 4200MHz 8Mb TDP-91W Socket1151 tray (OEM);36300
Процессор Intel Core i7-8700 Coffee Lake, 6C/12T, 3200MHz 12Mb TDP-65W Socket1151 BOX (Совместимы только с 3хх чипсетами!) (BX80684I78700S);33400
Процессор Intel Core i7-8700 Coffee Lake, 6C/12T, 3200MHz 12Mb TDP-65W Socket1151 tray (OEM) (Совместимы только с 3хх чипсетами!) (CM8068403358316SR3QS);27800
Процессор Intel Core i7-9700 Coffee Lake, 8C/8T, 3000MHz 12Mb TDP-65W Socket1151 v2 BOX (Совместимы только с 3хх чипсетами!) (BX80684I79700SRG13);26700
Процессор Intel Core i7-9700 Coffee Lake, 8C/8T, 3000MHz 12Mb TDP-95W Socket1151 v2 tray (OEM) (Совместимы только с 3хх чипсетами!) (CM8068403874521SRG13);25100
Процессор Intel Core i7-9700F Coffee Lake, 8C/8T, 3000MHz 12Mb TDP-65W Socket1151 v2 BOX (Совместимы только с 3хх чипсетами!) (BX80684I79700F);25800
Процессор Intel Core i7-9700F Coffee Lake, 8C/8T, 3000MHz 12Mb TDP-65W Socket1151 v2 tray (OEM) (Совместимы только с 3хх чипсетами!) (CM8068403874523SRG14);25600
Процессор Intel Core i7-9700K Coffee Lake, 8C/8T, 3600MHz 12Mb TDP-95W Socket1151 v2 tray (OEM) (Совместимы только с 3хх чипсетами!) (CM8068403874212SRELT);33000
Процессор Intel Core i7-9700K Coffee Lake R, 8C/8T, 3600MHz 12Mb TDP-95W Socket1151 v2 BOX (без кулера) (Совместимы только с 3хх чипсетами!) (BX80684I79700KSRELT);29600
Процессор Intel Core i7-9700KF Coffee Lake R, 8C/8T, 3600MHz 12Mb TDP-95W Socket1151 v2 BOX (без кулера) (Совместимы только с 3хх чипсетами!) (BX80684I79700KFSRG16);28900
Процессор Intel Core i7-9700KF Coffee Lake R, 8C/8T, 3600MHz 12Mb TDP-95W Socket1151 v2 tray (OEM) (Совместимы только с 3хх чипсетами!) (CM8068403874219S);27300
Процессор Intel Core i9-9900 Coffee Lake, 8C/16T, 3100MHz 16Mb TDP-65W Socket1151 v2 BOX (Совместимы только с 3хх чипсетами!) (BX80684I99900);35300
Процессор Intel Core i9-9900 Coffee Lake, 8C/16T, 3100MHz 16Mb TDP-65W Socket1151 v2 tray (OEM) (Совместимы только с 3хх чипсетами!) (CM8068403874032SRG18);35000
Процессор Intel Core i9-9900K Coffee Lake R, 8C/16T, 3600MHz 16Mb TDP-95W Socket1151 v2 BOX (без кулера) (Совместимы только с 3хх чипсетами!);41700
Процессор Intel Core i9-9900K Coffee Lake R, 8C/16T, 3600MHz TDP-95W Socket1151 v2 tray (OEM) (Совместимы только с 3хх чипсетами!) (CM8068403873914SRELS);38900
Процессор Intel Core i9-9900KF Coffee Lake R, 8C/16T, 3600MHz 16Mb TDP-95W Socket1151 v2 BOX (без кулера) (Совместимы только с 3хх чипсетами!) (BX80684I99900KFS);38300
Процессор Intel Core i9-9900KF Coffee Lake R, 8C/16T, 3600MHz 16Mb TDP-95W Socket1151 v2 tray (OEM) (Совместимы только с 3хх чипсетами!) (CM8068403873927S);36000
Процессор Intel Pentium-G4400 Skylake (2015), 2C/2T, 3300MHz 3Mb TDP-54W Socket1151 tray (OEM) (CM8066201927306SR2DC);5990
Процессор Intel Pentium-G4560 Kaby Lake-S, 2C/4T, 3500MHz 3Mb TDP-54W Socket1151 BOX (BX80677G4560SR32Y);8000
Процессор Intel Pentium-G4560 Kaby Lake-S, 2C/4T, 3500MHz 3Mb TDP-54W Socket1151 tray (OEM) (CM8067702867064SR32Y);6150
Процессор Intel Pentium-G4600 Kaby Lake-S, 2C/4T, 3600MHz 3Mb TDP-51W Socket1151 tray (OEM) (CM8067703015525SR35F);7550
Процессор Intel Pentium-G5400 Coffee Lake, 2C/4T, 3700MHz 4Mb TDP-54W Socket1151 tray (OEM) (Совместимы только с 3хх чипсетами!) (CM8068403360112SR3X9);7400
Процессор Intel Pentium Gold-G5420 Coffee Lake, 2C/4T, 3800MHz TDP-54W Socket1151 v2 BOX (Совместимы только с 3хх чипсетами!) (BX80684G5420);8990
Процессор Intel Pentium Gold-G5420 Coffee Lake, 2C/4T, 3800MHz TDP-54W Socket1151 v2 tray (OEM) (Совместимы только с 3хх чипсетами!) (CM8068403360113SR3XA);7990
Процессор Intel Pentium Gold-G5420T Coffee Lake, 2C/4T, 3200MHz 4Mb TDP-35W Socket1151 v2 tray (OEM) (CM8068403360213);7800
Процессор Intel Pentium Gold-G5500 Coffee Lake, 2C/4T, 3800MHz 4Mb TDP-54W Socket1151 tray (OEM) (Совместимы только с 3хх чипсетами!) (CM8068403377611SR3YD);6950
Процессор Intel Pentium Gold-G5600F Coffee Lake, 2C/4T, 3900MHz 4Mb TDP-54W Socket1151 BOX (Совместимы только с 3хх чипсетами!) (BX80684G5600FSRF7Y);8050
Процессор Intel Core i3-3220 Ivy Bridge (2012), 2C/4T, 3300MHz 3Mb TDP-55W Socket1155 tray (OEM) (CM8063701137502SR0RG);11900
Процессор Intel Core i5-3550S Ivy Bridge (2012), 4C/4T, 3000MHz 6Mb TDP-65W Socket1155 tray (OEM) (CM8063701095203SR0P3);20300
Процессор Intel Core i7-3770 Ivy Bridge (2012), 4C/8T, 3400MHz 8Mb TDP-77W Socket1155 tray (OEM) (CM8063701211600SR0PK);29200
Процессор Intel Celeron-G5900 Comet Lake-S, 2C/2T, 3400MHz 2Mb TDP-58W LGA1200 BOX (BX80701G5900);4100
Процессор Intel Celeron-G5900 Comet Lake-S, 2C/2T, 3400MHz 2Mb TDP-58W LGA1200 tray (OEM) (CM8070104292110);3600
Процессор Intel Celeron-G5905 Comet Lake-S, 2C/2T, 3500MHz 4Mb TDP-58W LGA1200 BOX (BX80701G5905);5950
Процессор Intel Celeron-G5905 Comet Lake-S, 2C/2T, 3500MHz 4Mb TDP-58W LGA1200 tray (OEM) (CM8070104292115);3400
Процессор Intel Celeron-G5920 Comet Lake-S, 2C/2T, 3500MHz 2Mb TDP-58W LGA1200 BOX (BX80701G5920);5250
Процессор Intel Celeron-G5920 Comet Lake-S, 2C/2T, 3500MHz 2Mb TDP-58W LGA1200 tray (OEM) (CM8070104292010);3750
Процессор Intel Celeron-G5925 Comet Lake-S, 2C/2T, 3600MHz 4Mb TDP-58W LGA1200 tray (OEM) (CM8070104292013);3900
Процессор Intel Core i3-10100 Comet Lake-S, 4C/8T, 3600MHz 6Mb TDP-65W LGA1200 BOX (BX8070110100);10900
Процессор Intel Core i3-10100 Comet Lake-S, 4C/8T, 3600MHz 6Mb TDP-65W LGA1200 tray (OEM) (CM8070104291317);10900
Процессор Intel Core i3-10100F Comet Lake-S, 4C/8T, 3600MHz 6Mb TDP-65W LGA1200 BOX (BX8070110100F);8350
Процессор Intel Core i3-10100F Comet Lake-S, 4C/8T, 3600MHz 6Mb TDP-65W LGA1200 tray (OEM) (CM8070104291318);7490
Процессор Intel Core i3-10100T Comet Lake-S, 4C/8T, 3000MHz 6Mb TDP-35W LGA1200 tray (OEM) (CM8070104291412);13400
Процессор Intel Core i3-10105 Comet Lake-S, 4C/8T, 3700MHz 6Mb TDP-65W LGA1200 BOX (BX8070110105);13500
Процессор Intel Core i3-10105 Comet Lake-S, 4C/8T, 3700MHz 6Mb TDP-65W LGA1200 tray (OEM) (CM8070104291321);12900
Процессор Intel Core i3-10105F Comet Lake-S, 4C/8T, 3700MHz 6Mb TDP-65W LGA1200 tray (OEM) (CM8070104291323);9000
Процессор Intel Core i3-10300 Comet Lake-S, 4C/8T, 3700MHz 8Mb TDP-65W LGA1200 tray (OEM) (CM8070104291109SRH3J);14600
Процессор Intel Core i3-10320 Comet Lake-S, 4C/8T, 3800MHz 8Mb TDP-65W LGA1200 tray (OEM) (CM8070104291009);16600
Процессор Intel Core i5-10400 Comet Lake-S, 6C/12T, 2900MHz 12Mb TDP-65W LGA1200 BOX (BX8070110400);16300
Процессор Intel Core i5-10400 Comet Lake-S, 6C/12T, 2900MHz 12Mb TDP-65W LGA1200 tray (OEM) (CM8070104290715S);15200
Процессор Intel Core i5-10400F Comet Lake-S, 6C/12T, 2900MHz 12Mb TDP-65W LGA1200 BOX (BX8070110400F);14400
Процессор Intel Core i5-10400F Comet Lake-S, 6C/12T, 2900MHz 12Mb TDP-65W LGA1200 tray (OEM) (CM8070104290716);13990
Процессор Intel Core i5-10500 Comet Lake-S, 6C/12T, 3100MHz 12Mb TDP-65W LGA1200 BOX (BX8070110500SRH3A);19300
Процессор Intel Core i5-10500 Comet Lake-S, 6C/12T, 3100MHz 12Mb TDP-65W LGA1200 tray (OEM) (CM8070104290511);17700
Процессор Intel Core i5-10600 Comet Lake-S, 6C/12T, 3300MHz 12Mb TDP-65W LGA1200 BOX (BX8070110600);21400
Процессор Intel Core i5-10600 Comet Lake-S, 6C/12T, 3300MHz 12Mb TDP-65W LGA1200 tray (OEM) (CM8070104290312);19900
Процессор Intel Core i5-10600K Comet Lake-S, 6C/12T, 4100MHz 12Mb TDP-125W LGA1200 BOX (без кулера) (BX8070110600K);22200
Процессор Intel Core i5-10600K Comet Lake-S, 6C/12T, 4100MHz 12Mb TDP-125W LGA1200 tray (OEM) (CM8070104282134);23200
Процессор Intel Core i5-10600KF Comet Lake-S, 6C/12T, 4100MHz 12Mb TDP-125W LGA1200 BOX (без кулера) (BX8070110600KF);21700
Процессор Intel Core i5-10600KF Comet Lake-S, 6C/12T, 4100MHz 12Mb TDP-125W LGA1200 tray (OEM) (CM8070104282136);20800
Процессор Intel Core i5-11400F Rocket Lake-S, 6C/12T, 2600MHz 12Mb TDP-65W LGA1200 BOX (BX8070811400F);17200
Процессор Intel Core i5-11400F Rocket Lake-S, 6C/12T, 2600MHz 12Mb TDP-65W LGA1200 tray (OEM) (CM8070804497016);17000
Процессор Intel Core i5-11400 Rocket Lake-S, 6C/12T, 2600MHz 12Mb TDP-65W LGA1200 BOX (BX8070811400);19800
Процессор Intel Core i5-11400 Rocket Lake-S, 6C/12T, 2600MHz 12Mb TDP-65W LGA1200 tray (OEM) (CM8070804497015);19500
Процессор Intel Core i5-11500 Rocket Lake-S, 6C/12T, 2700MHz 12Mb TDP-65W LGA1200 BOX (BX8070811500);20900
Процессор Intel Core i5-11500 Rocket Lake-S, 6C/12T, 2700MHz 12Mb TDP-65W LGA1200 tray (OEM) (CM8070804496809);21400
Процессор Intel Core i5-11600KF Rocket Lake-S, 6C/12T, 3900MHz 12Mb TDP-125W LGA1200 BOX (без кулера) (BX8070811600KF);24400
Процессор Intel Core i5-11600KF Rocket Lake-S, 6C/12T, 3900MHz 12Mb TDP-125W LGA1200 tray (OEM) (CM8070804491415);23600
Процессор Intel Core i5-11600K Rocket Lake-S, 6C/12T, 3900MHz 12Mb TDP-125W LGA1200 BOX (без кулера) (BX8070811600K);26700
Процессор Intel Core i5-11600K Rocket Lake-S, 6C/12T, 3900MHz 12Mb TDP-125W LGA1200 tray (OEM) (CM8070804491414);25900
Процессор Intel Core i7-10700 Comet Lake-S, 8C/16T, 2900MHz 16Mb TDP-65W LGA1200 BOX (BX8070110700);31200
Процессор Intel Core i7-10700 Comet Lake-S, 8C/16T, 2900MHz 16Mb TDP-65W LGA1200 tray (OEM) (CM8070104282327);30800
Процессор Intel Core i7-10700F Comet Lake-S, 8C/16T, 2900MHz 16Mb TDP-65W LGA1200 BOX (BX8070110700F);30000
Процессор Intel Core i7-10700F Comet Lake-S, 8C/16T, 2900MHz 16Mb TDP-65W LGA1200 tray (OEM) (CM8070104282329);29700
Процессор Intel Core i7-10700K Comet Lake-S, 8C/16T, 3800MHz 16Mb TDP-125W LGA1200 BOX (без кулера) (BX8070110700K);37300
Процессор Intel Core i7-10700K Comet Lake-S, 8C/16T, 3800MHz 16Mb TDP-125W LGA1200 tray (OEM) (CM8070104282436);36200
Процессор Intel Core i7-10700KF Comet Lake-S, 8C/16T, 3800MHz 16Mb TDP-125W LGA1200 BOX (без кулера) (BX8070110700KF);35800
Процессор Intel Core i7-10700KF Comet Lake-S, 8C/16T, 3800MHz 16Mb TDP-125W LGA1200 tray (OEM) (CM8070104282437SRH74);34200
Процессор Intel Core i7-11700F Rocket Lake-S, 8C/16T, 2500MHz 16Mb TDP-65W LGA1200 BOX (BX8070811700F);34200
Процессор Intel Core i7-11700F Rocket Lake-S, 8C/16T, 2500MHz 16Mb TDP-65W LGA1200 tray (OEM) (CM8070804491213);33800
Процессор Intel Core i7-11700KF Rocket Lake-S, 8C/16T, 3600MHz 16Mb TDP-125W LGA1200 BOX (без кулера) (BX8070811700KF);41600
Процессор Intel Core i7-11700KF Rocket Lake-S, 8C/16T, 3600MHz 16Mb TDP-125W LGA1200 tray (OEM) (CM8070804488630);39200
Процессор Intel Core i7-11700K Rocket Lake-S, 8C/16T, 3600MHz 16Mb TDP-125W LGA1200 BOX (без кулера) (BX8070811700K);41800
Процессор Intel Core i7-11700K Rocket Lake-S, 8C/16T, 3600MHz 16Mb TDP-125W LGA1200 tray (OEM) (CM8070804488629);40900
Процессор Intel Core i7-11700 Rocket Lake-S, 8C/16T, 2500MHz 16Mb TDP-65W LGA1200 BOX (BX8070811700);34400
Процессор Intel Core i7-11700 Rocket Lake-S, 8C/16T, 2500MHz 16Mb TDP-65W LGA1200 tray (OEM) (CM8070804491214);33400
Процессор Intel Core i9-10850KA Comet Lake-S, 10C/20T, 3600MHz 20Mb TDP-125W LGA1200 BOX (без кулера) (Marvels Avengers Collectors Edition) (BX8070110850KA);45900
Процессор Intel Core i9-10850K Comet Lake-S, 10C/20T, 3600MHz 20Mb TDP-125W LGA1200 BOX (без кулера) (BX8070110850K);43100
Процессор Intel Core i9-10850K Comet Lake-S, 10C/20T, 3600MHz 20Mb TDP-125W LGA1200 tray (OEM) (CM8070104608302);42000
Процессор Intel Core i9-10900 Comet Lake-S, 10C/20T, 2800MHz 20Mb TDP-65W LGA1200 BOX (BX8070110900);43700
Процессор Intel Core i9-10900 Comet Lake-S, 10C/20T, 2800MHz 20Mb TDP-65W LGA1200 tray (OEM) (CM8070104282624);42000
Процессор Intel Core i9-10900F Comet Lake-S, 10C/20T, 2800MHz 20Mb TDP-65W LGA1200 BOX (BX8070110900F);40600
Процессор Intel Core i9-10900F Comet Lake-S, 10C/20T, 2800MHz 20Mb TDP-65W LGA1200 tray (OEM) (CM8070104282625);39600
Процессор Intel Core i9-10900K Comet Lake-S, 10C/20T, 3700MHz 20Mb TDP-125W LGA1200 BOX (без кулера) (BX8070110900K S RH91);51000
Процессор Intel Core i9-10900K Comet Lake-S, 10C/20T, 3700MHz 20Mb TDP-125W LGA1200 tray (OEM) (CM8070104282844S RH91);48900
Процессор Intel Core i9-10900KF Comet Lake-S, 10C/20T, 3700MHz 20Mb TDP-125W LGA1200 BOX (без кулера) (BX8070110900KF);47900
Процессор Intel Core i9-10900KF Comet Lake-S, 10C/20T, 3700MHz 20Mb TDP-125W LGA1200 tray (OEM) (CM8070104282846);46500
Процессор Intel Core i9-11900F Rocket Lake-S, 8C/16T, 2500MHz 16Mb TDP-65W LGA1200 BOX (без кулера) (BX8070811900F);45400
Процессор Intel Core i9-11900F Rocket Lake-S, 8C/16T, 2500MHz 16Mb TDP-65W LGA1200 tray (OEM) (CM8070804488246);42400
Процессор Intel Core i9-11900K Rocket Lake-S, 8C/16T, 3500MHz 16Mb TDP-125W LGA1200 BOX (без кулера) (BX8070811900K);61300
Процессор Intel Core i9-11900K Rocket Lake-S, 8C/16T, 3500MHz 16Mb TDP-125W LGA1200 tray (OEM) (CM8070804400161);57700
Процессор Intel Core i9-11900 Rocket Lake-S, 8C/16T, 2500MHz 16Mb TDP-65W LGA1200 BOX (без кулера) (BX8070811900);46500
Процессор Intel Core i9-11900 Rocket Lake-S, 8C/16T, 2500MHz 16Mb TDP-65W LGA1200 tray (OEM) (CM8070804488245);45200
Процессор Intel Pentium Gold-G6400 Comet Lake-S, 2C/4T, 4000MHz 4Mb TDP-58W LGA1200 BOX (BX80701G6400);5800
Процессор Intel Pentium Gold-G6400 Comet Lake-S, 2C/4T, 4000MHz 4Mb TDP-58W LGA1200 tray (OEM) (CM8070104291810);5300
Процессор Intel Pentium Gold-G6405 Comet Lake-S, 2C/4T, 4100MHz 4Mb TDP-58W LGA1200 BOX (BX80701G6405);7700
Процессор Intel Pentium Gold-G6405 Comet Lake-S, 2C/4T, 4100MHz 4Mb TDP-58W LGA1200 tray (OEM) (CM8070104291811);7050
Процессор Intel Pentium Gold-G6500 Comet Lake-S, 2C/4T, 4100MHz 4Mb TDP-58W LGA1200 BOX (BX80701G6500);8100
Процессор Intel Pentium Gold-G6500 Comet Lake-S, 2C/4T, 4100MHz 4Mb TDP-58W LGA1200 tray (OEM) (CM8070104291610S);7450
Процессор Intel Pentium Gold-G6600 Comet Lake-S, 2C/4T, 4200MHz 4Mb TDP-58W LGA1200 BOX (BX80701G6600);8750
Процессор Intel Pentium Gold-G6600 Comet Lake-S, 2C/4T, 4200MHz 4Mb TDP-58W LGA1200 tray (OEM) (CM8070104291510S);8450
Процессор Intel Pentium Gold-G6605 Comet Lake-S, 2C/4T, 4300MHz 4Mb TDP-58W LGA1200 BOX (BX80701G6605);10200
Процессор Intel Core i7-7740X Kaby Lake-X, 4C/8T, 4300MHz 8Mb TDP-112W Socket2066 BOX (без кулера) (BX80677I77740XSR3FP);33600
Процессор Intel Core i7-7800X Skylake-X, 6C/12T, 3500MHz 8.25Mb TDP-140W Socket2066 tray (OEM) (CD8067303753400SR3NH);37000
Процессор Intel Core i7-7820X Skylake-X, 8C/16T, 3600MHz 11Mb TDP-140W Socket2066 tray (OEM) (CD8067303611000SR3L5);55600
Процессор Intel Core i9-10900X Cascade Lake, 10C/20T, 3700MHz 19Mb TDP-165W Socket2066 BOX (без кулера) (BX8069510900XSRGV7);61400
Процессор Intel Core i9-10900X Cascade Lake, 10C/20T, 3700MHz 19Mb TDP-165W Socket2066 tray (OEM) (CD8069504382100SRGV7);60000
Процессор Intel Core i9-10920X Cascade Lake-X, 12C/24T, 3500MHz 19.2Mb TDP-165W Socket2066 BOX (без кулера) (BX8069510920X S RGSJ);71100
Процессор Intel Core i9-10920X Cascade Lake-X, 12C/24T, 3500MHz 19.3Mb TDP-165W Socket2066 tray (OEM) (CD8069504382000SRGSJ);69100
Процессор Intel Core i9-10940X Cascade Lake, 14C/28T, 3300MHz 19.3Mb TDP-165W Socket2066 BOX (без кулера) (BX8069510940XSRGSH);80500
Процессор Intel Core i9-10940X Cascade Lake, 14C/28T, 3300MHz 19.3Mb TDP-165W Socket2066 tray (OEM) (CD8069504381900SRGSH);79700
Процессор Intel Core i9-10980XE Cascade Lake, 18C/36T, 3000MHz 24.8Mb TDP-165W Socket2066 BOX (без кулера) (BX8069510980XESRGSG);101900
Процессор Intel Core i9-7900X Skylake-X, 10C/20T, 3300MHz 13.8Mb TDP-140W Socket2066 BOX (без кулера) (BX80673I97900XSR3L2);89800
Процессор Intel Core i9-7900X Skylake-X, 10C/20T, 3300MHz 13.8Mb TDP-140W Socket2066 tray (OEM) (CD8067303286804SR3L2);88900
Процессор Intel Core i9-9820X Skylake-X, 10C/20T, 3300MHz 16.5Mb TDP-165W Socket2066 BOX (BX80673I99820XSREZ8);83300
Процессор Intel Core i9-9820X Skylake-X, 10C/20T, 3300MHz 16.5Mb TDP-165W Socket2066 tray (OEM) (CD8067304126901SREZ8);82400
Процессор Intel Core i9-9920X Skylake-X, 12C/24T, 3500MHz 19.3Mb TDP-165W Socket2066 BOX (без кулера) (BX80673I99920XSREZ6);75300
Процессор Intel Core i9-9940X Skylake-X, 14C/28T, 3300MHz 19Mb TDP-165W Socket2066 BOX (без кулера) (BX80673I99940XSREZ5);81300
Процессор Intel Core i9-9960X Skylake-X, 16C/32T, 3100MHz 22Mb TDP-165W Socket2066 tray (OEM) (CD8067304126500SREZ4);150300
Процессор AMD A8-9600 Bristol Ridge, 4C/4T, 3100MHz TDP-65W SocketAM4 tray (OEM) (AD9600AGM44AB);3750
Процессор AMD Athlon-200GE Raven Ridge, 2C/4T, 3200MHz 4Mb TDP-35W SocketAM4 tray (OEM) (YD200GC6M2OFB);4990
Процессор AMD Athlon-3000G Raven Ridge, 2C/4T, 3500MHz 4Mb TDP-35W SocketAM4 tray (OEM) (YD3000C6M2OFH);4800
Процессор AMD Ryzen 3-2200G Raven Ridge, 4C/4T, 3500MHz 4Mb TDP-65W SocketAM4 BOX (YD2200C5FBBOX);10900
Процессор AMD Ryzen 3-2200G Raven Ridge, 4C/4T, 3500MHz 4Mb TDP-65W SocketAM4 tray (OEM) (YD2200C5M4MFB);9550
Процессор AMD Ryzen 3-3100 Matisse, 4C/8T, 3600MHz 16Mb TDP-65W SocketAM4 tray (OEM) (100-000000284);10100
Процессор AMD Ryzen 3-3200G Picasso, 4C/4T, 3600MHz 4Mb TDP-65W SocketAM4 BOX (YD3200C5FHBOX);12100
Процессор AMD Ryzen 3-3200G Picasso, 4C/4T, 3600MHz 4Mb TDP-65W SocketAM4 tray (OEM) (YD3200C5M4MFH);13000
Процессор AMD Ryzen 3 PRO-3200GE Picasso, 4C/4T, 3300MHz 4Mb TDP-35W SocketAM4 tray (OEM) (YD320BC6M4MFH);9990
Процессор AMD Ryzen 3 PRO-3200G Picasso, 4C/4T, 3600MHz 4Mb TDP-65W SocketAM4 tray (OEM) (YD320BC5M4MFH);10200
Процессор AMD Ryzen 3 PRO-4350G Renoir, 4C/8T, 3800MHz 4Mb TDP-65W SocketAM4 tray (OEM) (100-000000148);16600
Процессор AMD Ryzen 5-1600 AF Pinnacle Ridge, 6C/12T, 3200MHz 16Mb TDP-65W SocketAM4 BOX (кулер Wraith Stealth) (YD1600BBAFBOX);12100
Процессор AMD Ryzen 5-1600 AF Pinnacle Ridge, 6C/12T, 3200MHz 16Mb TDP-65W SocketAM4 tray (OEM) (YD1600BBM6IAF);11700
Процессор AMD Ryzen 5-2400G Raven Ridge, 4C/8T, 3600MHz 4Mb TDP-65W SocketAM4 BOX (YD2400C5FBBOX);15000
Процессор AMD Ryzen 5-2600 Pinnacle Ridge, 6C/12T, 3400MHz 16Mb TDP-65W SocketAM4 BOX (YD2600BBAFBOX);12200
Процессор AMD Ryzen 5-2600 Pinnacle Ridge, 6C/12T, 3400MHz 16Mb TDP-65W SocketAM4 tray (OEM) (YD2600BBM6IAF);11900
Процессор AMD Ryzen 5-2600X Pinnacle Ridge, 6C/12T, 3600MHz 16Mb TDP-95W SocketAM4 BOX (YD260XBCAFBOX);14900
Процессор AMD Ryzen 5-2600X Pinnacle Ridge, 6C/12T, 3600MHz 16Mb TDP-95W SocketAM4 tray (OEM) (YD260XBCM6IAF);13100
Процессор AMD Ryzen 5-3500 Matisse, 6C/6T, 3600MHz 16Mb TDP-65W SocketAM4 tray (OEM) (100-000000050);11900
Процессор AMD Ryzen 5-3500X Matisse, 6C/6T, 3600MHz 32Mb TDP-65W SocketAM4 tray (OEM) (100-000000158);12900
Процессор AMD Ryzen 5-3600 Matisse, 6C/12T, 3600MHz 32Mb TDP-65W SocketAM4 BOX (100-100000031BOX);18300
Процессор AMD Ryzen 5-3600 Matisse, 6C/12T, 3600MHz 32Mb TDP-65W SocketAM4 tray (OEM) (100-000000031);16900
Процессор AMD Ryzen 5-3600X Matisse, 6C/12T, 3800MHz 32Mb TDP-95W SocketAM4 BOX (100-100000022BOX);22900
Процессор AMD Ryzen 5-3600X Matisse, 6C/12T, 3800MHz 32Mb TDP-95W SocketAM4 tray (OEM) (100-000000022);19500
Процессор AMD Ryzen 5-3600XT Matisse, 6C/12T, 3800MHz 32Mb TDP-95W SocketAM4 BOX (100-100000281BOX);24300
Процессор AMD Ryzen 5-5600X Vermeer, 6C/12T, 3700MHz 32Mb TDP-65W SocketAM4 BOX (Совместим с материнскими платами 500-й серии) (100-100000065BOX);28000
Процессор AMD Ryzen 5-5600X Vermeer, 6C/12T, 3700MHz 32Mb TDP-65W SocketAM4 tray (OEM) (Совместим с материнскими платами 500-й серии) (100-000000065);27000
Процессор AMD Ryzen 5 PRO-3350G Picasso, 4C/8T, 4000MHz 4Mb TDP-65W SocketAM4 tray (OEM) (YD3350C5M4MFH);12400
Процессор AMD Ryzen 7-2700X Pinnacle Ridge, 8C/16T, 3700MHz 16Mb TDP-105W SocketAM4 tray (OEM) (YD270XBGM88AF);17900
Процессор AMD Ryzen 7-3700X Matisse, 8C/16T, 3600MHz 32Mb TDP-65W SocketAM4 BOX (100-100000071BOX);30200
Процессор AMD Ryzen 7-3700X Matisse, 8C/16T, 3600MHz 32Mb TDP-65W SocketAM4 tray (OEM) (100-000000071);26500
Процессор AMD Ryzen 7-3800X Matisse, 8C/16T, 3900MHz 32Mb TDP-105W SocketAM4 BOX (100-100000025BOX);39300
Процессор AMD Ryzen 7-3800X Matisse, 8C/16T, 3900MHz 32Mb TDP-105W SocketAM4 tray (OEM) (100-000000025);36500
Процессор AMD Ryzen 7-5800X Vermeer, 8C/16T, 3800MHz 32Mb TDP-105W SocketAM4 BOX (без кулера) (Совместим с материнскими платами 500-й серии) (100-100000063WOF);48900
Процессор AMD Ryzen 7-5800X Vermeer, 8C/16T, 3800MHz 32Mb TDP-105W SocketAM4 tray (OEM) (Совместим с материнскими платами 500-й серии) (100-000000063);52300
Процессор AMD Ryzen 7 PRO-3700 Matisse, 8C/16T, 3600MHz 32Mb TDP-65W SocketAM4 tray (OEM) (100-000000073);24800
Процессор AMD Ryzen 7 PRO-4750G Zen 2, 8C/16T, 3600MHz 8Mb TDP-65W SocketAM4 tray (OEM) (100-100000145MPK);29300
Процессор AMD Ryzen 9-3900X Matisse, 12C/24T, 3800MHz 64Mb TDP-105W SocketAM4 BOX (100-100000023BOX);50800
Процессор AMD Ryzen 9-3950X Matisse, 16C/32T, 3500MHz 64Mb TDP-105W SocketAM4 BOX (без кулера) (100-100000051WOF);71100
Процессор AMD Ryzen 9-5900X Vermeer, 12C/24T, 3700MHz 64Mb TDP-105W SocketAM4 BOX (без кулера) (Совместим с материнскими платами 500-й серии) (100-100000061WOF);60400
Процессор AMD A6-7400K Kaveri, 2C/2T, 3500MHz TDP-65W SocketFM2+ tray (OEM) (AD740KYBI23JA);2250
Процессор AMD A6-7470K Godavari, 2C/2T, 3700MHz TDP-65W SocketFM2+ tray (OEM) (AD747KYBI23JC);2650
Процессор AMD A6-7480 Carrizo, 2C/2T, 3500MHz TDP-65W SocketFM2+ BOX (AD7480ACABBOX);3500
Процессор AMD A6-7480 Carrizo, 2C/2T, 3500MHz TDP-65W SocketFM2+ tray (OEM) (AD7480ACI23AB);2350
Процессор AMD Athlon X4-830 Kaveri, 4C/4T, 3000MHz TDP-65W SocketFM2+ tray (OEM) (AD830XYBI44JA);1350
Процессор AMD Athlon X4-840 Kaveri, 4C/4T, 3100MHz TDP-65W SocketFM2+ tray (OEM) (AD840XYBI44JA);1900
Процессор AMD Ryzen Threadripper-3960X Castle Peak, 24C/48T, 3800MHz 128Mb TDP-280W SocketTRX4 BOX (без кулера) (100-100000010WOF);138800
Процессор AMD Ryzen Threadripper-3970X Castle Peak, 32C/64T, 3700MHz 128Mb TDP-280W SocketTRX4 BOX (без кулера) (100-100000011WOF);214300
Процессор AMD Ryzen Threadripper-3970X Castle Peak, 32C/64T, 3700MHz 128Mb TDP-280W sTRX4 tray (OEM) (100-100000011);202700
